info,answer,explanation,question
112年學測-社會科第1題,B,解  析： (A) 推廣雙語教育為教育措施，與公平正義與實質平等的概念無關 (B) 建造無障礙環境的目的在保障身心障礙者，是為了落實實質平等的措施，因此為正解 (C) 提供免費營養午餐無排富條款，應為所有學生皆相同，偏於形式平等，與公平正義與實質平等的概念無關 (D) 提供升學或就業輔導並無排富條款，屬形式平等 ,"1. 某民間協會致力於聘用智力缺損者投入勞動市場、參與社會，承包多處市府公共 空間的清掃工作，但後來因為工作太重、人力不足，被迫放棄承攬並解散協會。 有網友認為，基於社會正義，市政府應給予該協會在工作範圍或經費上更大的彈 性協助。從該網友所持立場推論，當面對下列校園議題時，其關心的議題最可能 為何？(A)推廣雙語教育 (B)建造無障礙環境, (C)提供免費營養午餐 (D)提供升學或就業輔導"
112年學測-社會科第2題,D,解  析： 法定繼承人包含當然繼承人（配偶）以及血親繼承人，然本題之甲已離婚，故無當然繼承人，血親繼承人則為第一順位之直系血親卑親屬，即為本題中甲的兒子與女兒。甲有權透過遺囑表達遺產分配意願，但不能侵害其他法定繼承人（也就是甲之女兒）的特留分，故本題正解為(D)選項。(A)此作法侵害其他法定繼承人之特留分  (B)前妻和甲已無配偶關係，非屬甲之法定繼承人，無權分配遺產  (C)女兒之特留分為應繼分的1/2，故僅需保留給女兒1/4之遺產價值即可 ,"2. 甲與前妻育有一子一女，甲立遺囑將其名下僅有財產（房屋一棟）留給兒子。甲 死後，其女認為父親重男輕女，不服遺囑內容，向法院提起訴訟。若該遺囑符合 成立要件，針對此一繼承爭議，下列見解何者正確？(A)甲為屋主，依法得預立遺囑全權決定房屋所有權歸屬, (B)前妻是其子女的母親，有權與甲之子女共同繼承遺產, (C)遺囑明顯重男輕女，法院應判決房屋由甲的兒女均分, (D)遺囑違反民法分配遺產規定，其女有權繼承部分財產"
112年學測-社會科第3題,C,解  析： 為避免少年遭到歧視，鼓勵犯罪的少年改過向善，順利回歸社會，少年刑事案件在處置上著重保護，與成年人不同，故為保障未成年被告的隱私，如題文所述，原則上採不公開審判程序，而(C)亦是希望透過塗銷前科紀錄，鼓勵少年改過自新，避免因被貼上負面標籤而遭到歧視，均是對少年事件的保護措施，故為正確解。(A)(B)係為保障雙方參與審判的正當程序；而(D)係尊重當事人之意願及想法，皆與保護觸法少年較無直接關聯 ,"3. 國中生甲勒索同學乙，後來甲被移送法院，但法院審理甲的案件時不開放法庭旁 聽。本案不開放的理由，與下列哪種少年事件處理措施相同？(A)在審理案件的過程中，讓甲有到庭陳述意見的機會, (B)在審理案件的過程中，讓乙有到庭陳述意見的機會, (C)在甲接受輔導處分一段時間後，塗銷該項案件紀錄, (D)在獲得乙同意的情況下，命甲對乙負損害賠償責任"
112年學測-社會科第4題,D,"解  析： 補貼前與補貼後的月租（元）／面積（坪）如下表所示。 選項 補貼前月租（元）／面積（坪） 補貼後月租（元）／面積（坪） 一房一廳 16,000/20=800（元） 兩房一廳 21,000/30=700（元） （16,000-10,000）／20=300（元） 兩房兩廳 26,000/40=650（元） （21,000-10,000）／30=367（元） 三房兩廳 32,000/50=640（元） （26,000-10,000）／40=400（元） （32,000-10,000）／50=440（元） 從表中可以看出補貼前阿芬會選擇平均租金價格最便宜的三房兩廳（每坪640元）；在公司每月補貼房租10,000元後，阿芬會選擇平均租金價格最便宜的一房一廳（每坪300元）。綜合以上，故選(D)為正解" ,"4. 阿芬打算租屋，選擇的唯一考量是每坪房租 表 1 高低，表 1 是她蒐集某區不同格局的租屋資 面積 月租 選項 訊。若阿芬的公司每月補貼房租 10000 元， （坪） （元） 此租金補貼對她租屋決策有何影響？ 一房一廳 20 16000 兩房一廳 30 21000(A)補貼前後，都選擇兩房兩廳, (B)補貼前後，都選擇三房兩廳 兩房兩廳 40 26000, (C)補貼前選兩房兩廳，實行後選兩房一廳 三房兩廳 50 32000, (D)補貼前選三房兩廳，實行後選一房一廳"
112年學測-社會科第5題,B,解題關鍵： 本題測驗目標為學生是否了解東亞各國交流的情況，答題的關鍵在「七世紀中國的銅錢」、「十七世紀日本鑄造的銅錢」出現在十三行遺址  解  析： 臺灣十三行文化雖然已進入鐵器時代，但並未有製作銅器的技術，又加上銅錢來自於中國與日本，且當地人頗為珍視（視為陪葬品）。因此可知十三行文化遺址的居民曾與外地有所交流與往來 ,"5. 學者在臺灣北部的十三行遺址中，發現七世紀中國與十七世紀日本鑄造的兩種銅 錢，並指出它們是出土於墓葬的陪葬品。這些銅錢可用於討論臺灣史前文化的哪 項議題？(A)文化的傳承關係, (B)東亞各國的交流, (C)交易的貨幣單位, (D)人群遷徙的方向, "
112年學測-社會科第6題,B,解題關鍵： 本題測驗目標是學生能否理解漢武帝推行察舉制度的用意，答題的關鍵是「察舉制度」、「任用讀書人為官」 解  析： 根據題幹敘述漢初政府主要官員由宗室（宗親）、軍人（功臣列侯）、富人（富人可由捐財任官的管道得官）組成，因此漢武帝為了削弱宗室、軍人等力量，接納董仲舒的〈賢良對策〉，下令地方推薦孝子、廉吏給中央，以擴大察舉制度。武帝透過選拔德行兼備與嫻熟經學的人才作為官員，除了讓讀書人有機會成為官員，也有助於中央集權的建立，故答案是(B)儒生成為官員的主要來源 (A)削弱勛貴宗室力量，反而有利於君權集中  (C)察舉制度未造成商業停滯，且商人仍可藉由貲選管道，捐財任官  (D)題幹敘述是皇帝運用選官制度以利統治，並非官員的輪調制度 ,"6. 西漢初年，政府官員主要由宗室、軍人、富人組成。漢武帝推動政制改革，採納 董仲舒建議，擴大推行察舉制度，大量任用讀書人為官。下列何者最適合描述漢 武帝採納董仲舒建議所造成的結果？(A)地方權力提高，君權弱化 (B)儒生成為官員的主要來源, (C)政府壓抑商人，經濟停滯 (D)政府建立官員的輪調制度"
112年學測-社會科第7題,A,解題關鍵： 本題測驗學生能否閱讀文本的內涵，並推論十九世紀中葉控訴的理由，答題的關鍵是「宣言」、「正義、自由、繁榮與獨立」 解  析： 此人的控訴內容提到「宣言的偉大原則」，並提及「留給後代的是正義、自由、繁榮與獨立」，可判斷其所提及的應是北美十三州人民於1776年所發表的獨立宣言。此外，在十九世紀中葉時，該人控訴偉大原則並未擴及到他們，且他們受到不平等的對待，應可判斷是美國黑人對白人的控訴，故選(A)。(B)拿破崙戰爭發生在十九世紀初，且法國在十九世紀中葉時，女性意識仍聚焦在爭取女性的權益，尚未有控訴女性與男性不平等的主張 (C)俄國革命發生在二十世紀初，因此十九世紀中葉不可能有紀念活動 (D)印度於二次大戰後（二十世紀）獨立，因此十九世紀中葉不可能有紀念活動 ,"7. 十九世紀中期有人在某個紀念日控訴：「各位，我與我所代表的人，跟你們的紀 念日有何關連？你們歷史上偉大宣言所揭櫫的偉大原則，有擴及到我們嗎？我們 並不被包括在這個紀念日內，我們與你們是不平等的。你們前輩留下的遺產：正 義、自由、繁榮與獨立，只由你們享受，而我們沒有。」這個控訴最可能發表於：(A)美國獨立紀念日；控訴黑人與白人不平等, (B)拿破崙戰爭紀念日；控訴女性與男性不平等, (C)俄國革命紀念日；控訴勞動者與資本家不平等, (D)印度獨立紀念日；控訴印度教徒與穆斯林不平等"
112年學測-社會科第9題,B,解題關鍵： 本題是測驗學生能否閱讀文本資料，推論出墓碑上不同文字的意義，答題的關鍵是「死於艾哈瑪德家族母親的城市―刺桐城」 解  析： 從墓碑文字提到他母親的泉州城，顯示該商人家族是波斯人，而家族的母親是漢人，因此有與漢人相互通婚的現象  (A)墓碑文字僅提到人人都會死亡，無法判斷來到泉州經商的死亡人數多寡 (C)波斯人在西亞已信仰伊斯蘭教，並非到泉州才改信伊斯蘭教 (D)從題文的線索無法判斷其喪葬儀式是採用何種方式 ,"9. 泉州又名刺桐城，宋元時期是海外貿易重要港口，曾發現一方波斯人墓碑，刻有 漢文、阿拉伯文與波斯文。阿拉伯文為：「人人都要嚐死的滋味。」波斯文為： 「艾哈瑪德・本・和加・哈基姆・艾勒德死於艾哈瑪德家族母親的城市―刺桐 城。」漢文為：「先君生於壬辰六月二十三日申時，享年三十歲。於元至治辛酉 九月二十五日卒，遂葬於此。」此墓碑可作為下列哪項描述宋元時期泉州波斯人 的佐證？(A)經商客死他鄉者多 (B)會與漢人相互通婚, (C)全數已經改信回教 (D)採用儒家喪葬儀式"
112年學測-社會科第10題,D,解題關鍵： 本題測驗學生能否知道臺灣開港通商後重要的出口商品，答題的關鍵是「洋行商人」、「淺山地區的熟番部落」 解  析： 十九世紀晚期臺灣開港通商後，外國商人在通商口岸設立洋行，他們主要購買的商品是蔗糖、茶與樟腦。其中，蔗糖產於南部地區，茶和樟腦則是產於中北部近山地區。根據題幹線索，可知部分傳教士在洋行商人協助下，進入淺山地區的熟番部落傳教，淺山地區應是茶和樟腦的產區，所以推論洋行經營的是樟腦事業 ,10. 十九世紀晚期臺灣開港通商，西方傳教士來傳教，但在漢人市街多遇反彈，故部 分傳教士在洋行商人協助下，進入淺山地區的「熟番」部落傳教。此傳教活動範 圍的擴張最可能和洋行商人經營哪項事業有關？(A)種椰取汁 (B)圍獵捕鹿 (C)插蔗煮糖 (D)伐樟結腦
112年學測-社會科第11題,C,解題關鍵： 本題測驗學生能否閱讀材料，判斷總督府所推行的殖民教育政策，答題的關鍵是「多用不到漢文」、「二十年來廢棄不慣」 解  析： 根據題幹訊息，學校裡教授的科目多用不到漢文，因此二十年來已經廢棄漢文的使用，推知這是1920年代的政策。1922年，臺灣總督田健治郎發布第二次臺灣教育令，此次的改革重點是取消臺、日差別教育的分野，改實施「臺日共學」的原則。因此，在措施上，初等教育改為「常用日語者進小學校，非常用日語者進公學校」，至於中等以上學校，則採臺日共學制，故符合題幹敘述。(A)1896 年，總督府成立國語學校，不符1920年代的時間 (B)1940年代，總督府將公學校皆改為國民學校，也推動義務教育，不符1920年代的時間 (D)日本領臺初期早於1920年代 ,"11. 日治時期某報紙發刊詞提及：「……臺灣學堂裡的教科（科目），又多不用到漢 文，對於漢文一學很不用工（很消極）……漢文因這樣難懂又沒獎勵的機會，所 以我們臺灣的兄弟自二十年來已經廢棄不慣了。」此發刊詞的寫作背景，和日本 殖民政府正在推行的哪項政策有關？(A)因應教師、通譯的需求，成立國語學校, (B)公學校皆改為國民學校，推動義務教育, (C)推行日臺共學，常用日語者可入小學校, (D)日本領臺初期，將書房、義塾納入管理, "
112年學測-社會科第12題,C,解題關鍵： 本題測驗學生能否了解魏晉南北朝移民群體的生活，答題的關鍵是「土地也交給佃客耕種」、「當官不明事理」 解  析： 從題幹敘述這群移民，遷居八、九代以後，以領俸祿為生，他們最有可能是東晉南朝士族。這些士族各自占地封山，收取大量佃農。落地生根後的這些世家子弟，年少便可依門第任官，卻視政務為俗事，絕不親自處理，以彰顯其高風雅緻，他們喜好文藝，使得東晉南朝的士族子弟身心日漸萎靡，符合文中提到的當官不明事理，治家也不行，故答案為(C)。(A)春秋時期與(B)兩漢時期雖有動亂，但並未有移民群體遷居八、九代，還能領有俸祿 (D)宋明時期的官員是經由科舉出身，有些讀書人強調家訓、家規，不可能不明事理，也不可能不會治家 ,12. 某一歷史時期的移民群體，遷居已經八、九代，以領俸祿為生，若有土地也全交 給佃客耕種，而不親自下田，完全不懂人情世故，所以當官不明事理，治家也不 行。這種現象最可能出現於何時？(A)春秋時期 (B)兩漢時期 (C)魏晉時期 (D)宋明時期
112年學測-社會科第13題,C,解題關鍵： 本題測驗學生能否知道晚清時期的變局與改革、革命的進行，答題的關鍵是「甲午年」、「庚子歲」、「中華萬歲」 解  析： 題幹資料提到「甲午年，打下敗陣」，可判斷是1894～1895年的甲午戰爭，中國敗於日本；由「庚子歲，慘遭殺傷」，可判斷是1900年的八國聯軍，中國敗於列強；由「驅外族、中華萬歲」，可判斷這應是革命黨人致力推翻滿清的革命事業，故正確答案是(C)八國聯軍後，革命黨人的宣傳書冊 (A)太平天國之亂發生於1850～1864年 (B)戊戌變法於1898年展開，但僅持續百餘天即倉促結束 (D)立憲派的改革主張為實行君主立憲制，1906 年清廷在立憲派壓力下展開改革，故不會出現「中華萬歲」的用詞,"13. 一份資料寫道：「痛只痛，甲午年，打下敗陣。痛只痛，庚子歲，慘遭殺傷。痛 只痛，割去地，萬古不返。痛只痛，所賠款，永世難償。……雪仇恥，驅外族， 復我冠裳。到那時，齊叫道，中華萬歲。」這份資料最可能出自哪份文件？(A)太平天國時，洪李太平軍的告民書, (B)戊戌變法後，康、梁維新派的宣言, (C)八國聯軍後，革命黨人的宣傳書冊, (D)立憲運動時，各省仕紳的改革方案"
112年學測-社會科第14題,D,解題關鍵： 本題測驗學生能否閱讀題幹的敘述，推論出元代的統治態度，答題的關鍵是「儒戶待遇約略等於佛僧和道士」、「諸色戶口職業中較受優遇」 解  析： 這題是文本閱讀題，根據題幹敘述儒戶的待遇與佛僧和道士相當，而且儒戶所受的待遇，也是諸色戶口職業中較受優遇者，推論答案是(D)  (A)文本未提及此 (B)娼戶地位遠低於儒戶，因此元代並沒有平等對待各諸色戶籍  (C)元代是優待儒戶，而非貶抑他們的地位 ,"14. 學者指出，蒙古人統治各地區後，對各地宗教都一視同仁而給予優遇；在元代戶 口職業世襲制度下，儒戶待遇約略等於佛僧和道士，是諸色戶口職業中較受優遇 的一種，娼人地位遠低於儒戶，只是元代士人的仕進機會與在社會上所受尊崇不 如前後各代。根據題文，以下何者最能說明元代統治者對儒士的立場？(A)對儒士抱持懷柔寬容的態度, (B)與其他世襲戶口均平等對待, (C)貶抑儒士而削減其入仕機會, (D)類同宗教神職人員予以尊重"
112年學測-社會科第15題,D,解題關鍵： 本題測驗學生能否結合圖表與文字的說明，綜合出測驗重點是第二次世界大戰答題的關鍵是「義大利、北非」、「中南半島」、「印度士兵」 解  析： 第二次世界大戰爆發後，德、義軸心國家控制大半歐洲大陸及北非地區，日本則占領中國大陸東半部，並南下攻占東南亞的多數地區。圖片內容有大英帝國國旗、英國士兵、印度士兵等訊息，又根據題幹提及「從香港到義大利的戰場，從緬甸沼澤到北非沙漠戰場，都看得到印度士兵作戰的身影」，故正確答案是(D)  ,"15. 老師請同學針對某時期英國提出討論資料，甲同學提出圖像 （圖 1），乙同學找到新聞報導：「從香港到義大利的戰場，從 緬甸沼澤到北非沙漠戰場，都看得到印度士兵作戰的身影，他 們戰術精湛，在東非、北非與中南半島也都擊敗了敵人」。綜 合兩份資料，同學探討的問題最可能是：(A)英國呼籲西歐國家團結一致，共同對抗1853年的俄羅斯帝國, (B)英國提醒英語為母語的國家，共同建立日不落大英帝國國協, (C)英國號召帝國殖民地人民，加入第一次世界大戰協約國陣營, (D)英國招募自治領與殖民地的軍隊，共同參與第二次世界大戰 圖 1"
112年學測-社會科第16題,C,解題關鍵： 本題測驗學生能否閱讀資料，判斷出希臘文物遭帝國主義國家帶走，答題的關鍵是「基督教」、「伊斯蘭」 解  析： 希臘地區在上古時期成為基督教信仰地區，十五世紀伊斯蘭信仰也隨鄂圖曼土耳其人進入希臘。英國人信仰基督新教，當英國帝國主義的勢力進到希臘地區，基於反偶像崇拜的主張，會將希臘雕像視為異教徒的作品，故選(C)。(A)十字軍東征時，西歐騎士出兵到西亞地區，當時西亞地區已是伊斯蘭勢力，不可能出現如題幹所敘述先後有基督教、伊斯蘭勢力進入的現象 (B)鄂圖曼帝國統治時，土耳其人攻占君士坦丁堡後，將教堂改為清真寺。巴爾幹半島在土耳其入侵前，拜占庭皇帝信仰希臘正教，不可能出現如題幹敘述基督教信仰普及，會將當地教堂雕像視為異教物而棄置的情況 (D)中國圓明園並未遭受伊斯蘭勢力入侵 ,"16. 某國文化部長憤怒的說：「許多我國古代雕像都在別國博物館內，這些雕像原本 在宗教建築內。後來基督信仰普及、伊斯蘭勢力也進來，都說雕像是異教物而棄 置，建築物被當成彈藥庫，毀壞後成了大廢墟。接著一些外國人來，欣賞廢墟又 喜愛殘破雕像，說這是文明成就，而且把雕像帶回國，至今不願歸還我們，還強 辯說是合法取得的藝術品！」文化部長批評的是：(A)十字軍東征時，士兵從西亞的墓穴取下雕像, (B)鄂圖曼帝國時，土耳其人拿下東歐教堂雕像, (C)西方帝國主義擴張時，英國人帶走希臘雕像, (D)英法聯軍侵略中國時，帶走了圓明園內雕像, "
112年學測-社會科第17題,A,解題關鍵： 本題測驗學生能否綜合不同資料，統整出歷史人物的貢獻，答題的關鍵是「十七世紀成為主權獨立國家」、「為資本主義提供道德支撐」 解  析： 喀爾文教派主張好的基督徒有責任推翻違反上帝意旨的暴政，這項主張影響尼德蘭北部各省於十六世紀末宣布獨立，直到十七世紀三十年戰爭結束後，西班牙承認尼德蘭獨立。喀爾文主張預選論、克勤克儉及經商致富的觀點，有學者認為有利於資本主義的發展，同時也造成尼德蘭部分地區至今仍維持拒絕娛樂的生活方式，故正確答案是(A) ,"17. 一位歷史人物的紀念展覽開幕時，貴賓致詞重點如下： 甲：「他認為暴君違反上帝旨意，人民有責任抵抗，我們祖先依此說法開始反抗， 十七世紀終於成為主權獨立國家。」 乙：「他的論點為資本主義提供道德支撐，促使我們在十七世紀成為資本主義富 裕之國與海外貿易強權。」 丙：「今日我們北部有些社區人民不看電視、不設網路，仍然嚴格遵守他當時拒 絕娛樂文化的教導。」 這個展覽最可能是：(A)尼德蘭紀念喀爾文 (B)德國紀念馬丁路德, (C)英國紀念亞當斯密 (D)法國紀念孟德斯鳩"
112年學測-社會科第19題,D,解  析： 文中提及「進行彌撒，接著抬出聖彼得神像遊行，最後來到船隻旁灑聖水祈福」，可推知為天主教儀式，故應為伊比利半島西部。歷史上伊比利半島西部的葡萄牙是歐洲最早在馬來西亞建立勢力的殖民母國，其於1511年占領麻六甲。 ,19. 十五至十七世紀馬來半島南部海岸，有許多自殖民母國遷入該地的男性商人、船 員與苦力，在與當地女性通婚後，逐漸在當地形成一混血的少數族群，並保有原 鄉海神節的慶典習俗。該族群在節慶當天，會先在海邊進行彌撒，接著抬出聖彼 得神像遊行，最後來到船隻旁灑聖水祈福。根據前述，該族群的先人最可能來自 下列哪個地區？(A)中國東南沿海 (B)西亞肥沃月灣 (C)澳洲東部沿岸 (D)伊比利半島西部
112年學測-社會科第22題,C,解  析： 與1633年相比，1638年東印度公司販售生絲的毛利潤明顯提高，但又假設此期間其他條件不變且東印度公司對日本國內生絲的供給不變，故可見應為生絲價格上升 (A) 價格提高，反而會造成需求量減少、供給量增加，發生供過於求現象，故錯誤 (B) 若日本減少進口，東印度公司販售生絲的毛利潤應不會提高，故錯誤 (C) 若供需同時增加，且需求增加幅度大於供給增加，將造成價格上升、交易數量增加，符合題述，故為正解 (D) 若供需同時減少，且需求減少幅度大於供給減少，將造成價格下降、交易數量減少，故錯誤 ,"22. ◎ 根據學者研究，荷蘭東印度公司與日本的進出口生意，於 1633 年後再度開張， 單位（荷盾）2,500,000並在 1638-1639 年達到高峰，成為日本最主要貿易夥伴之一。圖 3 為東印度公2,000,000司與日本貿易興盛時期，販售所有商品所有商品1,500,000及 生絲的毛 利潤（銷 售收入－ 購買成本），其中生絲資料表示東印度公司賣1,000,000生絲給日本所賺的錢。請問：生絲21. 2022年中國與太平洋的索羅門群島島國起草一份安全協議，中國將在索國設立軍 事基地，因此引發澳大利亞的緊張。長期以來澳大利亞一直是索國主要的防衛夥 伴，以及最大的援助國，因此特別關切「任何危害區域穩定和安全的行動，包括 建立軍事基地的常在性設施」，但索國政府表示「正在擴大與更多國家安全合作， 其中也包括中國」。索國的作法最可能帶來下列哪種國際情勢發展？ 的變動，假設此期間其他條件不變且東 年代 印度公司對日本國內生絲的供給不變， 1633 1635 1637 1639 1641 圖 3 針對此期間日本國內生絲市場供需的 推論，下列何者最合理？(A)大洋洲地緣樞紐角色漸漸不再由南島語族國家掌控, (B)大洋洲各島國將逐步取代紐澳兩國的區域核心角色, (C)同屬大洋洲的塔斯馬尼亞可能與中國建立合作關係, (D)紐西蘭外交單位可能提出對大洋洲區域和平的立場, (A)因價格提高，市場呈現供不應求, (B)因價格提高，促使日本減少進口, (C)因需求增加幅度大於供給增加，市場價格提高, (D)因需求減少幅度大於供給減少，市場價格提高"
112年學測-社會科第23題,C,解  析： 國內生產毛額（GDP）衡量本國的生產總值，其公式為GDP=C+I+G+（X-M），故在支出面計算上納入出口額X（本國生產各種商品與勞務出口到國外的部分），但要扣除進口額M（外國商品與勞務進口到國內的部分），為「淨出口值」。由於題幹描述日本在納入某一項目後重新計算得到較高的 GDP 估計值，最可能缺漏了日本在當年度對東印度公司的出口值，且該數值高於日本在當年度自東印度公司的進口值，故(C)為正解。(A)與計算日本之國內生產毛額（GDP）無關；(B)並非要比較不同年度；(D)算入其他商品進口值，反而應使日本GDP 估計值再降低 ,"23. 某生在估計 1638 年日本的 GDP 時，疏忽了題文與圖 3 的相關貿易資料，經提醒 納入後重新計算得到較高的 GDP 估計值。該生補上的必須是下列哪項資料才能 得到這個結果？(A)東印度公司該年度對日貿易的總收益高於總成本, (B)東印度公司該年度對日貿易的總金額高於上年度, (C)東印度公司販售商品給日本的金額低於向日本買入的金額, (D)東印度公司賣生絲給日本的金額高於買入其他商品的金額, "
112年學測-社會科第24題,B,解  析： 題目強調中央必須「先修訂食安法、再公告殘留標準」，顯示當行政命令（公告殘留標準）有限制／侵害人民之基本權利之虞時，必須要有法律（食安法）授權，意即需符合「法律保留原則」，故與(B)選項之法理最為相似。(A)法律優位原則、(C)契約自由原則、(D)特別法優於普通法，均不符合題幹所述 ,"24. ◎ 民國 109 年間，我國中央政府開放進口美國含有萊克多巴胺（萊劑）的豬肉。為管制萊劑殘留標準，中央先修訂食安法，再依照新條文公告「動物用藥殘留標準」，另規定含有豬肉及豬可食部位的原料，須標示原產地，讓國人選購時清楚產地來源。針對開放萊豬的政策，部分地方政府採取因應措施，例如：某市在食品安全衛生管理自治條例規定，豬肉及其相關產製品不得檢出萊劑；經檢出者，依其含量處以不同罰鍰，並得按次處罰。但行政院於同年底，函告該市政府上述自治條例相關內容無效。請問：何種情況的法理考量最為相似？(A)憲法規定命令如違反國會所制定的法律則無效, (B)課徵人民稅捐涉及憲法上財產權應由法律規範, (C)子女從父姓或母姓在民法規定由父母自行約定, (D)少年犯罪應優先適用少年事件處理法而非刑法"
112年學測-社會科第25題,A,解  析： 為避免食用過多萊劑，標示原產地之規定，應會使消費者對於國產猪肉的需求增加，市場供需圖中的需求線右移，國產猪肉價格上升，數量上升。相反的，消費者對於進口萊猪的需求應減少，市場供需圖中的需求線左移，萊猪價格下降，數量下降，故正確選項為(A) ,"25. ◎ 民國 109 年間，我國中央政府開放進口美國含有萊克多巴胺（萊劑）的豬肉。為管制萊劑殘留標準，中央先修訂食安法，再依照新條文公告「動物用藥殘留標準」，另規定含有豬肉及豬可食部位的原料，須標示原產地，讓國人選購時清楚產地來源。針對開放萊豬的政策，部分地方政府採取因應措施，例如：某市在食品安全衛生管理自治條例規定，豬肉及其相關產製品不得檢出萊劑；經檢出者，依其含量處以不同罰鍰，並得按次處罰。但行政院於同年底，函告該市政府上述自治條例相關內容無效。請問：25. 其他條件不變下，原產地標示原則的實施，對於國產豬肉與萊豬市場的均衡價格 與數量，最有可能造成何種變化？(A)國產豬肉價格上升，數量上升；萊豬的價格下降，數量下降, (B)國產豬肉價格上升，數量下降；萊豬的價格下降，數量上升, (C)國產豬肉價格下降，數量下降；萊豬的價格上升，數量上升, (D)國產豬肉價格下降，數量上升；萊豬的價格上升，數量下降"
112年學測-社會科第26題,D,解  析： 法律優位原則是指行政權的行使，不得牴觸上位階的法律。由本題題幹可知，現行法律僅規定需標示猪肉產地，並無禁止販賣進口萊猪，然而，某市所頒布的自治條例卻規定，猪肉及其相關產製品不得檢出萊劑，甚至經檢出者，會受到行政裁罰，明顯牴觸位階較高的《食品安全法》，故正解為(D)  (A)地方自治條例需經由地方議會通過，然該條例無效係因違反上位階的法律 (B)是否經由公投通過，與自治條例是否有效無涉 (C)行政院部會的政策亦需符合法律規定，故本題自治條例無效，係因牴觸上位階的法律 ,"26. 依據題文，下列何者最足以作為函告該自治條例無效的理由？(A)未經由地方議會針對該條例審議通過, (B)未舉辦地方公民投票由民眾投票決議, (C)與行政院相關部會的政策立場相違背, (D)與立法院通過之食安法內容相互牴觸"
112年學測-社會科第27題,D,解  析： 題文說明換發數位身分證的爭議主要在於，公民團體質疑政府缺乏審慎規劃，擔憂政府濫權，該政策將導致人民喪失個人資訊的控制力，因此政策制訂過程應該更審慎，(D)權力行使範圍及其影響既廣泛且深遠，故為正解。從題文中並未提及(A)資訊服務涉及特別的跨部會合作機制，也未論及(B)職責在於提供人民更便捷的政府服務，更未說明(C)願景實現攸關能否讓人民產生認同感，故非正解 ,"27. ◎ 某國政府擬推動全民換發數位身分證計畫，整合戶口、醫療、租稅等資訊，提供人民更便捷的政府服務。認同此計畫的支持者期望藉此實現「數位國家」願景；但有公民團體質疑政府缺乏審慎規劃，擔憂該政策將導致人民喪失個人資訊的控制力，主張必須先制定特別法律，明訂授權範圍、加密機制、跨部門讀取資訊的條件與監督機制。因爭議擴大，該國政府最後放棄換發計畫。某高中生瀏覽相關爭議的網路留言後，心生疑惑：「先前民間團體利用政府資訊製作疫苗數位地圖，協助民眾查找疫苗施打場所，廣受社會稱許，為何數位身分證卻飽受質疑？」請問：- 6 -第 7 頁 請記得在答題卷簽名欄位以正楷簽全名 112年學測共 19 頁 社會考科 的 ，因此政策制訂過程應該更審慎。依據題文資訊，下列何者最 適合填入該聲明的空格內？(A)資訊服務涉及特別的跨部會合作機制, (B)職責在於提供人民更便捷的政府服務, (C)願景實現攸關能否讓人民產生認同感, (D)權力行使範圍及其影響既廣泛且深遠"
112年學測-社會科第28題,B,解  析： (A) 疫苗地圖協助民眾查找疫苗施打場所，與人民行動自由無關，數位身分證無法增強人民知的權利，反而造成侵害資訊隱私權的爭議 (B) 疫苗地圖協助民眾查找疫苗施打場所，因此增強人民知的權利，而數位身分證削弱人民的隱私權，應予不同評價，應為正解 (C) 疫苗地圖協助民眾查找疫苗施打場所，並未削弱人民的隱私權，數位身分證可能會削弱人民的隱私權 (D) 疫苗地圖協助民眾查找疫苗施打場所，並未削弱人民人身自由，而數位身分證削弱人民的隱私權，應予不同評價 ,"28. ◎ 某國政府擬推動全民換發數位身分證計畫，整合戶口、醫療、租稅等資訊，提供人民更便捷的政府服務。認同此計畫的支持者期望藉此實現「數位國家」願景；但有公民團體質疑政府缺乏審慎規劃，擔憂該政策將導致人民喪失個人資訊的控制力，主張必須先制定特別法律，明訂授權範圍、加密機制、跨部門讀取資訊的條件與監督機制。因爭議擴大，該國政府最後放棄換發計畫。某高中生瀏覽相關爭議的網路留言後，心生疑惑：「先前民間團體利用政府資訊製作疫苗數位地圖，協助民眾查找疫苗施打場所，廣受社會稱許，為何數位身分證卻飽受質疑？」請問：- 6 -第 7 頁 請記得在答題卷簽名欄位以正楷簽全名 112年學測共 19 頁 社會考科28. 針對該高中生的疑惑，從資訊利用行為與個人權利的角度來看，下列何種見解最 為合理？(A)疫苗地圖增強人民行動自由，數位身分證增強人民知的權利，應予相同評價, (B)疫苗地圖增強人民知的權利，數位身分證削弱人民的隱私權，應予不同評價, (C)疫苗地圖削弱人民的隱私權，數位身分證增強人民人身自由，應予不同評價, (D)疫苗地圖削弱人民人身自由，數位身分證削弱人民行動自由，應予相同評價"
112年學測-社會科第31題,B,解題關鍵： 本題測驗學生能否閱讀圖表，理解日治臺灣土地調查的內容，答題的關鍵是「大租戶、業主」 解  析： 1886年劉銘傳推動「清賦」工作，重新丈量土地與賦稅重訂，引起許多大租戶的反彈，故1888年改為在臺灣北部進行「減四留六」，大租中六成歸大租戶，四成由小租戶繳納正供，小租戶因而成為實質上的土地所有人。臺灣總督府推行土地調查事業，即是建立此基礎上，而且完全承認「清賦」所認定的民田業主的權利，所以正確答案是劉銘傳推行的減四留六政策 ,"31. 該資料最適合作為該生探究下列哪項主題的佐證史料？(A)保甲制度 (B)減四留六 (C)割地換水 (D)三七五減租, "
112年學測-社會科第32題,D,解  析： 資料一強調要前往臺北打拼，符合圖6臺灣各地人口多往臺北都會區集中情形；資料三強調做農的人前往加工出口區或參與十大建設成為做工的人，符合圖5情形，故鄉村人口往北中南三大都會區移動。 ,"32. ◎ 某生探究臺灣勞工移動與社會經濟環境的關係時，蒐集了三份資料與圖 5、圖 6兩張臺灣勞工遷徙流線圖（線條粗細代表數量多寡）。請問：資料一、流行歌曲：親愛的父母再會吧！1935-1985 1985-2000鬥陣（在一起）的朋友告辭啦！阮（我）欲來（想要）去臺北打拼，聽人講啥咪（什麼）好康（好處）的攏（都）在那……。資料二、報紙社論：民間產業引進外籍移工，雖提振北部都會區的經濟，卻也迫使本地勞工移出北部都會區另覓工作機會。資料三、學術論文：做農的人學習組裝或機械技術，前往加工出口區、參與十大建設，搖身變成做工的圖 5 圖 6人。  何者？(A)資料一：圖5，資料二：圖6 (B)資料一：圖6，資料二：圖5, (C)資料一：圖5，資料三：圖6 (D)資料一：圖6，資料三：圖5"
112年學測-社會科第34題,C,解  析： 因臺灣海峽受限於兩側陸地，因此當冬季的東北季風氣流湧進此處時，海峽寬度縮減導致風速加大，此為「狹管效應」。例如新竹以冬季強勁的東北季風「九降風」聞名，海峽對岸的福建也因狹管效應，成為中國海上風電資源最豐富的地區之一，而靠近福建沿海的金門也因此多強風。 ,"34. ◎ 金門國家公園有許多獅子形象的石雕，居民用以鎮風剋煞，稱為石獅爺。某生欲至該國家公園附近的一個聚落，探究「石獅爺設立位置與盛行風向的關係」，過程中包括田野調查、位置測量、資料蒐集等。請問：33. 透過圖 5 與圖 6，最適合用來解釋臺灣這段時期具有下列哪種區域發展過程？(A)部分核心持續成長，但多數地區開始出現反吸隱憂, (B)都市對外聯繫密切，對區域發展持續帶來擴散效應, (C)北部經濟成長快速，但與南部呈現不平等交換問題, (D)人口多往都市集中，各地都市化程度明顯持續成長, (A)緊鄰大陸且無山勢屏障，導致冷鋒常夾帶強風長驅南下, (B)太平洋熱帶性低氣壓擾動頻繁，導致強風吹襲日數較多, (C)季風通過臺灣海峽，由於海峽寬度縮減，導致風速增強, (D)太陽幾乎終年直射，對流旺盛，導致白天常有強風發生"
112年學測-社會科第35題,D,解  析： 要了解石獅爺與風向的關係，可以藉由(乙)耆老訪談紀錄了解當初石獅爺設立的過程；小範圍實察要選擇大比例尺的地圖如(丁)聚落內部測繪圖（比例尺1/1000）來判斷；另外石獅爺的位置應該與長時間的盛行風向有關，故應選擇(戊)聚落附近測站的氣候數據。 ,"35. 若該生要獲得較具科學性的成果，除利用 GPS 工具外，還適合透過下列哪三項 資料作為支持此探究主題的材料？甲、遊客問卷結果；乙、耆老訪談紀錄；丙、 聚落分布圖（比例尺 1/400000）；丁、聚落內部測繪圖（比例尺 1/1000）；戊、 聚落附近測站的氣候數據；己、田野調查當天的風向風速計測量數據。(A)甲丙戊 (B)甲丁己 (C)乙丙己 (D)乙丁戊, "
112年學測-社會科第36題,B,解  析： 文中提及甲河段的海拔高度比乙河段高，故洪水應由甲河段襲來。照片中淹水聚落位在曲流凹岸，因此為沖擊基蝕坡的聚落，故選(B)。 ,"36. ◎ 2021 年 7 月來自波羅的海的潮濕氣團，在德國、比利時及盧森堡等地降下大雨，造成許多地區被洪水淹沒。照片 1 是德國某聚落在洪水侵襲前後的空照圖，其中甲河段的海拔高度比乙河段高。請問：甲乙甲乙照片 1 第 9 頁 請記得在答題卷簽名欄位以正楷簽全名 112年學測 共 19 頁 社會考科(A)洪水從甲河段襲來，沖擊位於滑走坡的聚落, (B)洪水從甲河段襲來，沖擊位於基蝕坡的聚落, (C)洪水從乙河段襲來，沖擊位於滑走坡的聚落, (D)洪水從乙河段襲來，沖擊位於基蝕坡的聚落"
112年學測-社會科第37題,A,解  析： 德國、比利時及盧森堡約位於北緯 50 度左右，以行星風系尺度易受西風帶與極圈氣旋帶影響而帶來降水。 ,"37. 若以行星風系的尺度，造成該次降水事件的原因，最可能與下列哪個風帶或氣壓 帶關係密切？(A)極圈氣旋帶 (B)極地高壓帶, (C)東北信風帶 (D)副熱帶高壓帶, "
112年學測-社會科第38題,A,解  析： 文中提及晶片在臺灣設計、製造到封裝測試的上下游廠商，形成相互依存的關係，說明其垂直分工下的產業連鎖形成的產業群聚效應與技術門檻，使其他國家無可取代，故選(A)。(B)應改為聚集經濟或產業群聚；(C)工業慣性是指許多工廠在一地形成緊密的連鎖關係後，即使有其他更好的區位，工廠也不輕易遷離，與文中所述不符；(D)生產趨向標準化通常是降低技術門檻，與文中所述不符。 ,"38. ◎ 臺灣已成為世界晶片重要供應地，主要原因是從設計、製造到封裝測試的上下游廠商，形成相互依存的關係。不少其他亞洲開發中國家想要在短期內複製臺灣的成功經驗，但都難以跨越門檻，原因在於此產業尚需高品質的技術與人力，才能持續突破晶片微細加工的瓶頸，而臺灣已長期藉由產官學合作進行人才培養與技術研發。請問： 112年學測 請記得在答題卷簽名欄位以正楷簽全名 第 10 頁 社會考科 共 19 頁 展特性？(A)產業連鎖較緊密, (B)規模經濟較龐大, (C)工業慣性較明顯, (D)生產趨向標準化"
112年學測-社會科第40題,A,解  析： 劃定與目標物一定距離的範圍為環域分析，故「油井、天然氣井一定距離的範圍」須採環域分析功能方能呈現。  ,"40. ◎ 一篇學術研究在討論美國各地住在油井與天然氣井周遭民眾的人口特色，發現在加州南部、德州西南部等地，某個社會處境不利的社群，住在油井與天然氣井周圍的情形特別顯著。請問：39. 若僅針對文中所述，其他亞洲開發中國家短期難以複製臺灣經驗的原因，最可能 是下列何者？(A)欠缺良好原料工業區位條件, (B)知識經濟發展進程相對緩慢, (C)企業未能形成垂直整合結構, (D)國際分工體系尚未完整建立, (A)環域分析, (B)路徑分析, (C)視域分析, (D)地形分析"
112年學測-社會科第41題,C,解  析： 文中提及加州南部、德州西南部，以拉丁裔為主，如圖所示，故選(C)。(A)亞裔主要分布在美國西部的都市；(B)非裔主要分布在美國東南部；(D)阿拉伯裔無明顯分布。 ,"41. 文中提到的社群最可能是以下列哪個族裔為主？(A)亞裔, (B)非裔, (C)拉丁裔, (D)阿拉伯裔, "
112年學測-社會科第42題,D,解  析： 文中所述：要易達性高→就是交通便利鄰近主要道路；安全性高→不能有土石流、洪患等災害，丁地鄰近主要道路，離河川有一定高度與距離，因此不易有災害，故選(D)。(A)甲地交通不便；(B)乙地位於河川匯流處易有洪患；(C)丙地位於河川谷口易有土石流。 ,42. ◎ 南投縣仁愛鄉南豐村眉溪畔聚居許多賽德克族人，該部落於日治時期被統治者強制遷居於此。因部落常遭風災肆虐，鄉公所乃在易達性較高與安全條件較佳的地點，設置「災害應變中心避難收容處」（圖 7）。近年該部落與政府合作一項計畫，由部落族人參與討論公共資源分配，最後透過投票選出最需要投入經費在族語、弓箭等傳統文化的傳承。此外族人也以集體名義，申請原住民族傳統智慧創作專用權，讓該計畫充分發揮強化族人自治與文化復振的功效。請問：南甲山乙 眉溪 溪眉溪丙丁道路 河流 避難所圖 7 第 11 頁 請記得在答題卷簽名欄位以正楷簽全名 112年學測 共 19 頁 社會考科 的設置地點？(A)甲 (B)乙 (C)丙 (D)丁
112年學測-社會科第44題,D,解  析： (A)由地方政府推動資源分配計畫，不一定能代表在地意見，而且也並非參與式預算的執行方式 (B)經民眾投票產生的多數決，有時會形成多數暴力，並非最符合公平的決策模式，且參與式預算重視的是討論的過程，並不強調投票決定 (C)民眾直接參與決策有時會較重視該地區的利益，不一定會比由議會決定，更符合全體的公共利益 (D)參與式預算強調開放地方民眾參與決策過程，更能回應在地的需求，為正解 ,"44. 該部落與政府合作的計畫，最能凸顯以下哪項民主治理的理念？ 45.題文中該部落申請之權利，其性質和下列所舉的原住民族權利中的哪種權利相同？(A)由地方政府推動資源分配計畫，最能代表在地意見, (B)經民眾投票產生的多數決，最符合公平的決策模式, (C)民眾直接參與決策比由議會決定，更符合公共利益, (D)開放地方民眾參與決策過程，更能回應在地的需求, (A)選擇信仰的權利 (B)傳統領域的權利, (C)原住民傳統姓名權 (D)申請保留地的權利, "
112年學測-社會科第46題,C,解  析： 由「習慣在鍵盤上評論時事，只對立場相同的言論按讚；過度追捧支持的政黨，謾罵自己不喜歡的。當支持的政黨勝選時，同溫層一片歡呼，敗選時則充斥憤恨言論，以致不同立場的人民彼此敵對」內容可見，該學者係在針對網路言論與政黨偏好進行討論─對於偏好的政黨給予正面言論吹捧，對於不偏好者則給予負面評論，因此(C)民眾網路言論傾向與對不同政黨支持者的好感度之關聯較符合。(A)公共政策網路參與平臺提案者及附議者，與題文所述之評論時事、按讚、吹捧、謾罵等行為較不符合  (B)題文並未論及「鍵盤行動參與」與教育程度的關聯  (D)民眾的政黨偏好及其對政府施政滿意度與民眾在網路言論的表現，並無直接關係 ,"46. ◎ 某國學者指出：民主國家興起「鍵盤行動參與」，雖然提升公共參與頻率，卻衍生一種現象：習慣在鍵盤上評論時事，只對立場相同的言論按讚；過度追捧支持的政黨，謾罵自己不喜歡的。當支持的政黨勝選時，同溫層一片歡呼，敗選時則充斥憤恨言論，以致不同立場的人民彼此敵對。這種現象提醒公民應具備良好的政治知能，要瞭解執政者和民意代表只是人民選出的公僕，須對人民負責，做不好就下台，政黨輪替是天經地義，不應將政治人物當成偶像明星來崇拜；更要瞭解無論總統制或內閣制、單一國會或雙國會，民主政府組織及運作的最重要原理為何，畢竟權力易於腐化，權力越集中就越腐化。請問： 112年學測 請記得在答題卷簽名欄位以正楷簽全名 第 12 頁 社會考科 共 19 頁 第 貳 部 分 、 混 合 題 或 非 選 擇 題 （ 占 54 分 ） 一 、 混 合 題 說明：本部分共有 8 題組，單選題每題 2 分，非選擇題配分標於題末。限在答題卷標示 題號的作答區內作答。選擇題與「非選擇題作圖部分」使用 2B 鉛筆作答，更正時 以橡皮擦擦拭，切勿使用修正帶（液）。非選擇題請由左而右橫式書寫，並依題目 指示作答。 資料？(A)公共政策網路參與平台提案者及附議者的政黨立場分析, (B)不同政黨支持者的教育程度及其網路使用行為之相關性, (C)民眾網路言論傾向與對不同政黨支持者的好感度之關聯, (D)民眾的政黨偏好及其對政府施政滿意度的網路調查分析"
112年學測-社會科第48題,B,解題關鍵： 本題測驗學生能否閱讀資料，理解城隍廟信仰分層管理的現象，答題的關鍵是「地方各層級興建城隍廟」、「層級化信仰圈」 解  析： 根據題文敘述，明初以來，中央政府在府、州、縣的地方各層級興建城隍廟，縣以下的農村仍信奉舊有的土地公，並未設立城隍廟。至十六世紀以後，新興市鎮可能在國家體制之外另建「鎮城隍廟」，祀奉各自所屬縣的城隍爺。綜上所述，顯示十六世紀以後，城隍信仰反映了信仰分層管理的現象。(A)從題文看不出來鎮城隍廟主神，必須與周圍農村信仰的神是一樣的 (C)題文完全未提及從縣城往來市鎮者的交易與參拜狀況 (D)題文並未說明國家是否在市鎮設置政府機構以管理商業 ,"48. ◎ 城隍爺自古即是守護城池的神明。明初以後，中央政府在府、州、縣的地方各層級興建城隍廟，將城隍信仰制度化，但縣以下的農村仍信奉舊有的土地公而未設城隍廟。十六世紀後，江南社會經濟繁榮，出現許多新興商業市鎮，它們可能在國家體制之外另建「鎮城隍廟」，祀奉各自所屬縣的城隍爺。每年廟會時，周圍農村的土地廟也會至鎮城隍廟進香，作為神明之間的聯誼，形成層級化信仰圈。請問： (A)鎮城隍廟主神需同樣是周圍農村信仰的神, (B)城隍信仰可反映分層管理的地方行政體系, (C)從縣城往來市鎮者能夠於交易時順道參拜, (D)國家開始在市鎮設置政府機構以管理商業"
112年學測-社會科第52題,B,解  析： 受到傳統的性別角色規範的影響，通常會存在男性主要負責經濟責任，而女性則主要承擔料理家務、照顧子女的刻板印象，然而，透過法律政策等社會規範的轉變，有助於提升性別平等的觀念。題幹中提到某國透過修法，增加夫或妻的請假彈性，男性因而請假的成長率比女性高2倍，故可推論出此次修法，改善了主要由女性承擔養兒育女的性別刻板印象，促進家庭內的性別平等，使雙親共同承擔育嬰的責任，故(B)為正解 (A)育嬰假為「留職」停薪，故非直接永久性的退出職場，且修法重點應是鼓勵夫或妻都可以請育嬰假 (C)該國修法是鼓勵夫或妻皆可請育嬰假，以承擔育兒責任，並非只針對高齡婦女提高生育意願 (D)本次修法雖然有可能提升結婚及生育的誘因，但從「男性請假的成長率比女性高2倍」，可推論達到性別角色轉變的影響較大 ,"52. ◎ 為探究各國出生率偏低現象與因應措施，某校同學閱讀以下兩份資料：I. 某國為東亞的中高所得國家，政府為提升生育率，修訂已婚勞工停薪申請育嬰假的辦法，不但增加夫或妻的請假彈性，並提高請假期間津貼達八成薪。新法實施後，該國申請留職停薪人數成長超過 3 成，其中男性成長又比女性高 2 倍。II.多位學者發現，中高所得國家年輕人晚婚或終身不婚的現象很普遍，導致各國生育率皆呈現下降趨勢。某學者甲指出，同為中高所得國家，北歐國家的出生率較東亞國家高，而北歐國家的新生兒，有半數以上出生於無法定婚姻關係的父母，但在東亞國家絕大多數的新生兒都出生在法定婚姻關係之內。請問：51. 從環境負載力的角度，在答題卷的表格中以 40 字內寫出猴群移動的趨勢及可能 原因。（3 分） 猴群移動趨勢及可能原因(A)鼓勵新婚夫妻之一方退出職場 (B)鼓勵夫妻共同分攤育嬰的責任, (C)提升高齡已婚婦女的生育意願 (D)提供年輕人早婚並生育的誘因"
112年學測-社會科第57題,B,解  析： 玉山是因為日人據臺，改名新高山，故與統治權的移轉和國家主權變動有關，而(B)阿拉斯加被俄羅斯出售給美國同樣是因為政權轉換而改變制度，從原有曆法改為公（西）曆，與題幹所述較為近似，因此為正解。(A)攤丁入地（畝）是將原本課徵人口稅的方式廢除，並將稅賦分攤入田賦，因此沒有田產的人可以不納稅賦。此政策的提出主要是清初人口大量增加，戶口難以掌握，因此才廢除人頭稅，主要與社會狀況改變有關 (C)臺灣省政府發行新臺幣是為了解決當時的通貨膨脹問題，與社會狀況的改變有關 (D)漢城於2005年改名為首爾，主要是為了強化韓國自身的文化，與形塑強化文化認同有關  (A)(C)(D)的統治政權皆未更換，只是因時間或社會情況改變才提出新的政策，故性質與題幹不同 ,"57. ◎ 關於臺灣第一高峰玉山（圖 9），不同族群在不同時代，都留有與它有關的紀錄：I. 布農族傳說：以前有隻大蛇堵住海水出口，海水往上升。人跟其他動物逃到Usaviah（最終避難之山峰）……布農人下山後分離，形成不同 Siduh（族類）。II. 鄒族傳說：鰻魚橫臥河中，大地出現大洪水……人們請大螃蟹去夾鰻魚身體，因大洪水若淹到 Patungkuonu（玉山），人也會全部淹死。III.西方文獻記載：據說摩里遜山（玉山）是以第一艘駛入安平港的英國輪船船長命名，也有人說，1845 年英國航海地圖早可見 Mt. Morrison。IV.臺灣省政府訓令：查新高山原名玉山，及日人據臺，因測玉山高度較其本國最高峰富士山為高，乃改名新高山，致該山名稱，含有日本色彩，應予改正。玉山北峰0 0.25 0.5公里路線玉山西峰玉山玉山東峰圖 9請問： 最接近？(A)雍正廢除清朝初建課徵的丁稅（人口稅），改為攤丁入地（畝）, (B)阿拉斯加被俄羅斯出售後，曆法制度從原有曆法改為公（西）曆, (C)臺灣省政府發行新臺幣，以取代臺灣省行政長官公署發行的臺幣, (D)南韓政府將首都官方中文譯名，以首爾取代獨立後即使用的漢城"
112年學測-社會科第58題,C,解  析： 玉山至玉山北峰沿著山脊高點前進，展望良好，故選(C)。(A)玉山西峰至玉山與(B)玉山北峰至玉山西峰都會下切山谷（如圖所示），其視野不佳；(D)玉山東峰至玉山北峰會被玉山至玉山北峰的山脊擋住而看不到西側，也會通過山谷而展望不佳（如圖所示）。 ,"58. ◎ 關於臺灣第一高峰玉山（圖 9），不同族群在不同時代，都留有與它有關的紀錄：I. 布農族傳說：以前有隻大蛇堵住海水出口，海水往上升。人跟其他動物逃到Usaviah（最終避難之山峰）……布農人下山後分離，形成不同 Siduh（族類）。II. 鄒族傳說：鰻魚橫臥河中，大地出現大洪水……人們請大螃蟹去夾鰻魚身體，因大洪水若淹到 Patungkuonu（玉山），人也會全部淹死。III.西方文獻記載：據說摩里遜山（玉山）是以第一艘駛入安平港的英國輪船船長命名，也有人說，1845 年英國航海地圖早可見 Mt. Morrison。IV.臺灣省政府訓令：查新高山原名玉山，及日人據臺，因測玉山高度較其本國最高峰富士山為高，乃改名新高山，致該山名稱，含有日本色彩，應予改正。- 15 -112年學測 請記得在答題卷簽名欄位以正楷簽全名 第 16 頁社會考科 共 19 頁玉山北峰0 0.25 0.5公里路線玉山西峰玉山玉山東峰圖 9請問：58. 不考慮天氣因素，僅由圖 9 的等高線疏密與地形走向判斷，圖中哪條路線是沿著 山脊前進，並且最有可能在沿路就可遠眺到 Morrison 船長駛入的港口？(A)玉山西峰→玉山, (B)玉山北峰→玉山西峰, (C)玉山→玉山北峰, (D)玉山東峰→玉山北峰"
112年學測-社會科第63題,C,解題關鍵： 本題測驗學生是否知悉十九世紀下半葉的非洲大獵，答題的關鍵是「十九世紀下半葉」、「掠奪非洲」 解  析： 十九世紀下半葉，比利時國王殖民中非的剛果盆地後，讓歐洲各國紛紛跟進，利用先進的軍事武器，以及優勢的經濟力量，投入對非洲的掠奪。德國首相俾斯麥為調解各國在非洲的紛爭，於1884年召開「柏林西非會議」，會議中對非洲問題達成了共識：擁有沿海殖民地的國家享有往內陸發展的優先權，各國派駐軍隊駐守殖民地，並向他國正式宣告，才能視為「有效占領」。此共識加速歐洲各國侵略非洲，又稱「非洲大獵」 ,"63. ◎ 全球飢餓指數（GHI）是衡量各國飢餓或營養不良情況的指標，指數愈高，表示飢餓狀況愈嚴重。表 4 為世界各區 GHI 的分布，資料中顯示，全球的飢餓狀況雖已有改善，但區域間飢餓情況差異仍然巨大。飢餓或營養不良皆與糧食供應有關。根據統計，全球小麥及其他糧食總產量其實超過全球人口消費量，所謂「糧食危機」並非產量不足，而是分配不均的結果。例如：巴西是世界最大的大豆出口國，卻有四分之一人口處於饑荒狀態。值得注意的是，各地經常發生的氣候異常現象，也加劇全球糧食分配不均的問題。請問：表 4區域 2000 年 2006 年 2012 年 2020 年全世界 28.2 25.4 20.5 18.2漠南非洲 42.7 36.6 31.0 27.8南亞 38.2 36.0 29.5 26.0西亞、北非 17.0 15.0 13.8 12.0東亞、東南亞 18.5 15.5 11.0 9.2拉丁美洲 13.1 10.4 8.3 8.4歐洲、中亞 13.5 9.2 7.5 5.8 112年學測 請記得在答題卷簽名欄位以正楷簽全名 第 18 頁 社會考科 共 19 頁 多國在非洲的剝削與掠奪有關。以下何者是發生於當時的歷史事件？(A)歐洲海權大國開始尋找到亞洲最短的貿易路線, (B)歐洲商人在西非洲沿岸設立了販售黑奴的據點, (C)歐洲強權召開國際會議決定非洲勢力劃分原則, (D)歐洲人的殖民使當地人團結反抗種族隔離政策"
